Date,Open,High,Low,Close,Volume,Dividends,Stock Splits,thscode,thsname_cn,thsname_en,currency
2022-07-11T04:00:00.000Z,3880.9399414062,3880.9399414062,3847.2199707031,3854.4299316406,3423480000,0.0,0.0,^GSPC,NA,NA,NA
2022-07-12T04:00:00.000Z,3851.9499511719,3873.4099121094,3802.3601074219,3818.8000488281,3817210000,0.0,0.0,^GSPC,NA,NA,NA
2022-07-13T04:00:00.000Z,3779.669921875,3829.4399414062,3759.0700683594,3801.7800292969,4109390000,0.0,0.0,^GSPC,NA,NA,NA
2022-07-14T04:00:00.000Z,3763.9899902344,3796.4099121094,3721.5600585938,3790.3798828125,4199690000,0.0,0.0,^GSPC,NA,NA,NA
2022-07-15T04:00:00.000Z,3818.0,3863.6201171875,3817.1799316406,3863.1599121094,4143800000,0.0,0.0,^GSPC,NA,NA,NA
2022-07-18T04:00:00.000Z,3883.7900390625,3902.4399414062,3818.6298828125,3830.8500976562,4046870000,0.0,0.0,^GSPC,NA,NA,NA
2022-07-19T04:00:00.000Z,3860.7299804688,3939.8100585938,3860.7299804688,3936.6899414062,4041070000,0.0,0.0,^GSPC,NA,NA,NA
2022-07-20T04:00:00.000Z,3935.3200683594,3974.1298828125,3922.0300292969,3959.8999023438,4185300000,0.0,0.0,^GSPC,NA,NA,NA
2022-07-21T04:00:00.000Z,3955.4699707031,3999.2900390625,3927.6398925781,3998.9499511719,4132790000,0.0,0.0,^GSPC,NA,NA,NA
2022-07-22T04:00:00.000Z,3998.4299316406,4012.4399414062,3938.8601074219,3961.6298828125,3979240000,0.0,0.0,^GSPC,NA,NA,NA
2022-07-25T04:00:00.000Z,3965.7199707031,3975.3000488281,3943.4599609375,3966.8400878906,3568340000,0.0,0.0,^GSPC,NA,NA,NA
2022-07-26T04:00:00.000Z,3953.2199707031,3953.2199707031,3910.7399902344,3921.0500488281,3778950000,0.0,0.0,^GSPC,NA,NA,NA
2022-07-27T04:00:00.000Z,3951.4299316406,4039.5600585938,3951.4299316406,4023.6101074219,4112180000,0.0,0.0,^GSPC,NA,NA,NA
2022-07-28T04:00:00.000Z,4026.1298828125,4078.9499511719,3992.9699707031,4072.4299316406,4413000000,0.0,0.0,^GSPC,NA,NA,NA
2022-07-29T04:00:00.000Z,4087.330078125,4140.1499023438,4079.2199707031,4130.2900390625,4616360000,0.0,0.0,^GSPC,NA,NA,NA
2022-08-01T04:00:00.000Z,4112.3798828125,4144.9501953125,4096.0200195312,4118.6298828125,4202810000,0.0,0.0,^GSPC,NA,NA,NA
2022-08-02T04:00:00.000Z,4104.2099609375,4140.4702148438,4079.8100585938,4091.1899414062,4727710000,0.0,0.0,^GSPC,NA,NA,NA
2022-08-03T04:00:00.000Z,4107.9599609375,4167.66015625,4107.9599609375,4155.169921875,4351760000,0.0,0.0,^GSPC,NA,NA,NA
2022-08-04T04:00:00.000Z,4154.8500976562,4161.2900390625,4135.419921875,4151.9399414062,4283320000,0.0,0.0,^GSPC,NA,NA,NA
2022-08-05T04:00:00.000Z,4115.8701171875,4151.580078125,4107.3100585938,4145.1899414062,4085940000,0.0,0.0,^GSPC,NA,NA,NA
2022-08-08T04:00:00.000Z,4155.9301757812,4186.6201171875,4128.9702148438,4140.0600585938,4221090000,0.0,0.0,^GSPC,NA,NA,NA
2022-08-09T04:00:00.000Z,4133.1098632812,4137.2998046875,4112.08984375,4122.4702148438,3913090000,0.0,0.0,^GSPC,NA,NA,NA
2022-08-10T04:00:00.000Z,4181.0200195312,4211.0297851562,4177.259765625,4210.240234375,4546010000,0.0,0.0,^GSPC,NA,NA,NA
2022-08-11T04:00:00.000Z,4227.3999023438,4257.91015625,4201.41015625,4207.2700195312,4630200000,0.0,0.0,^GSPC,NA,NA,NA
2022-08-12T04:00:00.000Z,4225.0200195312,4280.4702148438,4219.7797851562,4280.1499023438,3788010000,0.0,0.0,^GSPC,NA,NA,NA
2022-08-15T04:00:00.000Z,4269.3701171875,4301.7900390625,4256.8999023438,4297.1401367188,3696830000,0.0,0.0,^GSPC,NA,NA,NA
2022-08-16T04:00:00.000Z,4290.4599609375,4325.2797851562,4277.7700195312,4305.2001953125,4329820000,0.0,0.0,^GSPC,NA,NA,NA
2022-08-17T04:00:00.000Z,4280.3999023438,4302.1801757812,4253.080078125,4274.0400390625,3885030000,0.0,0.0,^GSPC,NA,NA,NA
2022-08-18T04:00:00.000Z,4273.1298828125,4292.5297851562,4261.9799804688,4283.740234375,3340330000,0.0,0.0,^GSPC,NA,NA,NA
2022-08-19T04:00:00.000Z,4266.3100585938,4266.3100585938,4218.7001953125,4228.4799804688,3761340000,0.0,0.0,^GSPC,NA,NA,NA
2022-08-22T04:00:00.000Z,4195.080078125,4195.080078125,4129.8598632812,4137.990234375,3907430000,0.0,0.0,^GSPC,NA,NA,NA
2022-08-23T04:00:00.000Z,4133.08984375,4159.7700195312,4124.0297851562,4128.7299804688,3823520000,0.0,0.0,^GSPC,NA,NA,NA
2022-08-24T04:00:00.000Z,4126.5498046875,4156.5600585938,4119.9702148438,4140.7700195312,3583630000,0.0,0.0,^GSPC,NA,NA,NA
2022-08-25T04:00:00.000Z,4153.259765625,4200.5400390625,4147.58984375,4199.1201171875,3566870000,0.0,0.0,^GSPC,NA,NA,NA
2022-08-26T04:00:00.000Z,4198.740234375,4203.0400390625,4057.6599121094,4057.6599121094,3832750000,0.0,0.0,^GSPC,NA,NA,NA
2022-08-29T04:00:00.000Z,4034.580078125,4062.9899902344,4017.419921875,4030.6101074219,3396510000,0.0,0.0,^GSPC,NA,NA,NA
2022-08-30T04:00:00.000Z,4041.25,4044.9799804688,3965.2099609375,3986.1599121094,3835860000,0.0,0.0,^GSPC,NA,NA,NA
2022-08-31T04:00:00.000Z,4000.669921875,4015.3701171875,3954.5300292969,3955.0,4542490000,0.0,0.0,^GSPC,NA,NA,NA
2022-09-01T04:00:00.000Z,3936.7299804688,3970.2299804688,3903.6499023438,3966.8500976562,4152250000,0.0,0.0,^GSPC,NA,NA,NA
2022-09-02T04:00:00.000Z,3994.6599121094,4018.4299316406,3906.2099609375,3924.2600097656,3665850000,0.0,0.0,^GSPC,NA,NA,NA
2022-09-06T04:00:00.000Z,3930.8898925781,3942.5500488281,3886.75,3908.1899414062,4127340000,0.0,0.0,^GSPC,NA,NA,NA
2022-09-07T04:00:00.000Z,3909.4299316406,3987.8898925781,3906.0300292969,3979.8701171875,3890320000,0.0,0.0,^GSPC,NA,NA,NA
2022-09-08T04:00:00.000Z,3959.9399414062,4010.5,3944.8100585938,4006.1799316406,3966850000,0.0,0.0,^GSPC,NA,NA,NA
2022-09-09T04:00:00.000Z,4022.9399414062,4076.8100585938,4022.9399414062,4067.3601074219,3901940000,0.0,0.0,^GSPC,NA,NA,NA
2022-09-12T04:00:00.000Z,4083.669921875,4119.2797851562,4083.669921875,4110.41015625,3814200000,0.0,0.0,^GSPC,NA,NA,NA
2022-09-13T04:00:00.000Z,4037.1201171875,4037.1201171875,3921.2800292969,3932.6899414062,4224550000,0.0,0.0,^GSPC,NA,NA,NA
2022-09-14T04:00:00.000Z,3940.7299804688,3961.9399414062,3912.1799316406,3946.0100097656,4293240000,0.0,0.0,^GSPC,NA,NA,NA
2022-09-15T04:00:00.000Z,3932.4099121094,3959.1398925781,3888.2800292969,3901.3500976562,4441830000,0.0,0.0,^GSPC,NA,NA,NA
2022-09-16T04:00:00.000Z,3880.9499511719,3880.9499511719,3837.080078125,3873.330078125,7954650000,0.0,0.0,^GSPC,NA,NA,NA
2022-09-19T04:00:00.000Z,3849.9099121094,3900.4499511719,3838.5,3899.8898925781,3766850000,0.0,0.0,^GSPC,NA,NA,NA
2022-09-20T04:00:00.000Z,3875.2299804688,3876.0100097656,3827.5400390625,3855.9299316406,4058050000,0.0,0.0,^GSPC,NA,NA,NA
2022-09-21T04:00:00.000Z,3871.3999023438,3907.0700683594,3789.4899902344,3789.9299316406,4078330000,0.0,0.0,^GSPC,NA,NA,NA
2022-09-22T04:00:00.000Z,3782.3601074219,3790.8999023438,3749.4499511719,3757.9899902344,4284600000,0.0,0.0,^GSPC,NA,NA,NA
2022-09-23T04:00:00.000Z,3727.1398925781,3727.1398925781,3647.4699707031,3693.2299804688,5144270000,0.0,0.0,^GSPC,NA,NA,NA
2022-09-26T04:00:00.000Z,3682.7199707031,3715.669921875,3644.7600097656,3655.0400390625,4886140000,0.0,0.0,^GSPC,NA,NA,NA
2022-09-27T04:00:00.000Z,3686.4399414062,3717.5300292969,3623.2900390625,3647.2900390625,4577740000,0.0,0.0,^GSPC,NA,NA,NA
2022-09-28T04:00:00.000Z,3651.9399414062,3736.7399902344,3640.6101074219,3719.0400390625,4684850000,0.0,0.0,^GSPC,NA,NA,NA
2022-09-29T04:00:00.000Z,3687.0100097656,3687.0100097656,3610.3999023438,3640.4699707031,4681810000,0.0,0.0,^GSPC,NA,NA,NA
2022-09-30T04:00:00.000Z,3633.4799804688,3671.4399414062,3584.1298828125,3585.6201171875,5645360000,0.0,0.0,^GSPC,NA,NA,NA
2022-10-03T04:00:00.000Z,3609.7800292969,3698.3500976562,3604.9299316406,3678.4299316406,4806680000,0.0,0.0,^GSPC,NA,NA,NA
2022-10-04T04:00:00.000Z,3726.4599609375,3791.919921875,3726.4599609375,3790.9299316406,5146580000,0.0,0.0,^GSPC,NA,NA,NA
2022-10-05T04:00:00.000Z,3753.25,3806.9099121094,3722.6599121094,3783.2800292969,4293180000,0.0,0.0,^GSPC,NA,NA,NA
2022-10-06T04:00:00.000Z,3771.9699707031,3797.9299316406,3739.2199707031,3744.5200195312,4252100000,0.0,0.0,^GSPC,NA,NA,NA
2022-10-07T04:00:00.000Z,3706.7399902344,3706.7399902344,3620.7299804688,3639.6599121094,4449660000,0.0,0.0,^GSPC,NA,NA,NA
2022-10-10T04:00:00.000Z,3647.5100097656,3652.169921875,3588.1000976562,3612.3898925781,3834320000,0.0,0.0,^GSPC,NA,NA,NA
2022-10-11T04:00:00.000Z,3595.8601074219,3640.6599121094,3568.4499511719,3588.8400878906,4759030000,0.0,0.0,^GSPC,NA,NA,NA
2022-10-12T04:00:00.000Z,3590.830078125,3608.3400878906,3573.8601074219,3577.0300292969,4006830000,0.0,0.0,^GSPC,NA,NA,NA
2022-10-13T04:00:00.000Z,3520.3701171875,3685.4099121094,3491.580078125,3669.9099121094,5021680000,0.0,0.0,^GSPC,NA,NA,NA
2022-10-14T04:00:00.000Z,3690.4099121094,3712.0,3579.6799316406,3583.0700683594,4243030000,0.0,0.0,^GSPC,NA,NA,NA
2022-10-17T04:00:00.000Z,3638.6499023438,3689.7299804688,3638.6499023438,3677.9499511719,4352780000,0.0,0.0,^GSPC,NA,NA,NA
2022-10-18T04:00:00.000Z,3746.2600097656,3762.7900390625,3686.5300292969,3719.9799804688,4483740000,0.0,0.0,^GSPC,NA,NA,NA
2022-10-19T04:00:00.000Z,3703.1101074219,3728.580078125,3666.5100097656,3695.1599121094,4223800000,0.0,0.0,^GSPC,NA,NA,NA
2022-10-20T04:00:00.000Z,3689.0500488281,3736.0,3656.4399414062,3665.7800292969,4496620000,0.0,0.0,^GSPC,NA,NA,NA
2022-10-21T04:00:00.000Z,3657.1000976562,3757.8898925781,3647.419921875,3752.75,5078020000,0.0,0.0,^GSPC,NA,NA,NA
2022-10-24T04:00:00.000Z,3762.0100097656,3810.7399902344,3741.6499023438,3797.3400878906,4747930000,0.0,0.0,^GSPC,NA,NA,NA
2022-10-25T04:00:00.000Z,3799.4399414062,3862.8500976562,3799.4399414062,3859.1101074219,4843120000,0.0,0.0,^GSPC,NA,NA,NA
2022-10-26T04:00:00.000Z,3825.9699707031,3886.1499023438,3824.0700683594,3830.6000976562,4817310000,0.0,0.0,^GSPC,NA,NA,NA
2022-10-27T04:00:00.000Z,3834.6899414062,3859.9499511719,3803.7900390625,3807.3000488281,4687320000,0.0,0.0,^GSPC,NA,NA,NA
2022-10-28T04:00:00.000Z,3808.2600097656,3905.419921875,3808.2600097656,3901.0600585938,4459410000,0.0,0.0,^GSPC,NA,NA,NA
2022-10-31T04:00:00.000Z,3881.8500976562,3893.7299804688,3863.1799316406,3871.9799804688,4820620000,0.0,0.0,^GSPC,NA,NA,NA
2022-11-01T04:00:00.000Z,3901.7900390625,3911.7900390625,3843.8000488281,3856.1000976562,4481210000,0.0,0.0,^GSPC,NA,NA,NA
2022-11-02T04:00:00.000Z,3852.8999023438,3894.4399414062,3758.6799316406,3759.6899414062,4899000000,0.0,0.0,^GSPC,NA,NA,NA
2022-11-03T04:00:00.000Z,3733.25,3750.5900878906,3698.1499023438,3719.8898925781,4625290000,0.0,0.0,^GSPC,NA,NA,NA
2022-11-04T04:00:00.000Z,3766.9799804688,3796.3400878906,3708.8400878906,3770.5500488281,5400180000,0.0,0.0,^GSPC,NA,NA,NA
2022-11-07T05:00:00.000Z,3780.7099609375,3813.9499511719,3764.6999511719,3806.8000488281,4341620000,0.0,0.0,^GSPC,NA,NA,NA
2022-11-08T05:00:00.000Z,3817.0200195312,3859.3999023438,3786.2800292969,3828.1101074219,4607640000,0.0,0.0,^GSPC,NA,NA,NA
2022-11-09T05:00:00.000Z,3810.9399414062,3818.1999511719,3744.2199707031,3748.5700683594,4645010000,0.0,0.0,^GSPC,NA,NA,NA
2022-11-10T05:00:00.000Z,3859.8898925781,3958.330078125,3859.8898925781,3956.3701171875,5781260000,0.0,0.0,^GSPC,NA,NA,NA
2022-11-11T05:00:00.000Z,3963.7199707031,4001.4799804688,3944.8200683594,3992.9299316406,5593310000,0.0,0.0,^GSPC,NA,NA,NA
2022-11-14T05:00:00.000Z,3977.9699707031,4008.9699707031,3956.3999023438,3957.25,4561930000,0.0,0.0,^GSPC,NA,NA,NA
2022-11-15T05:00:00.000Z,4006.4099121094,4028.8400878906,3953.169921875,3991.7299804688,5015310000,0.0,0.0,^GSPC,NA,NA,NA
2022-11-16T05:00:00.000Z,3976.8200683594,3983.0900878906,3954.3400878906,3958.7900390625,4165320000,0.0,0.0,^GSPC,NA,NA,NA
2022-11-17T05:00:00.000Z,3919.2600097656,3954.330078125,3906.5400390625,3946.5600585938,4051780000,0.0,0.0,^GSPC,NA,NA,NA
2022-11-18T05:00:00.000Z,3966.3898925781,3979.8898925781,3935.9799804688,3965.3400878906,4037360000,0.0,0.0,^GSPC,NA,NA,NA
2022-11-21T05:00:00.000Z,3956.2299804688,3962.0,3933.3400878906,3949.9399414062,3850690000,0.0,0.0,^GSPC,NA,NA,NA
2022-11-22T05:00:00.000Z,3965.5100097656,4005.8798828125,3956.8798828125,4003.580078125,3887990000,0.0,0.0,^GSPC,NA,NA,NA
2022-11-23T05:00:00.000Z,4000.3000488281,4033.7800292969,3998.6599121094,4027.2600097656,3279720000,0.0,0.0,^GSPC,NA,NA,NA
2022-11-25T05:00:00.000Z,4023.3400878906,4034.0200195312,4020.7600097656,4026.1201171875,1706460000,0.0,0.0,^GSPC,NA,NA,NA
2022-11-28T05:00:00.000Z,4005.3601074219,4012.2700195312,3955.7700195312,3963.9399414062,3615430000,0.0,0.0,^GSPC,NA,NA,NA
2022-11-29T05:00:00.000Z,3964.1899414062,3976.7700195312,3937.6499023438,3957.6298828125,3546040000,0.0,0.0,^GSPC,NA,NA,NA
2022-11-30T05:00:00.000Z,3957.1799316406,4080.1101074219,3938.580078125,4080.1101074219,6579360000,0.0,0.0,^GSPC,NA,NA,NA
2022-12-01T05:00:00.000Z,4087.1398925781,4100.509765625,4050.8701171875,4076.5700683594,4527130000,0.0,0.0,^GSPC,NA,NA,NA
2022-12-02T05:00:00.000Z,4040.169921875,4080.4799804688,4026.6298828125,4071.6999511719,4012620000,0.0,0.0,^GSPC,NA,NA,NA
2022-12-05T05:00:00.000Z,4052.0200195312,4052.4499511719,3984.4899902344,3998.8400878906,4280820000,0.0,0.0,^GSPC,NA,NA,NA
2022-12-06T05:00:00.000Z,3996.6298828125,4001.5100097656,3918.3898925781,3941.2600097656,4368380000,0.0,0.0,^GSPC,NA,NA,NA
2022-12-07T05:00:00.000Z,3933.2800292969,3957.5700683594,3922.6799316406,3933.919921875,4118050000,0.0,0.0,^GSPC,NA,NA,NA
2022-12-08T05:00:00.000Z,3947.7900390625,3974.1899414062,3935.830078125,3963.5100097656,4006900000,0.0,0.0,^GSPC,NA,NA,NA
2022-12-09T05:00:00.000Z,3954.169921875,3977.0200195312,3933.0400390625,3934.3798828125,3888260000,0.0,0.0,^GSPC,NA,NA,NA
2022-12-12T05:00:00.000Z,3939.2900390625,3990.7099609375,3935.3000488281,3990.5600585938,3904130000,0.0,0.0,^GSPC,NA,NA,NA
2022-12-13T05:00:00.000Z,4069.3798828125,4100.9599609375,3993.0300292969,4019.6499023438,5079360000,0.0,0.0,^GSPC,NA,NA,NA
2022-12-14T05:00:00.000Z,4015.5400390625,4053.7600097656,3965.6499023438,3995.3200683594,4472340000,0.0,0.0,^GSPC,NA,NA,NA
2022-12-15T05:00:00.000Z,3958.3701171875,3958.3701171875,3879.4499511719,3895.75,4493900000,0.0,0.0,^GSPC,NA,NA,NA
2022-12-16T05:00:00.000Z,3890.9099121094,3890.9099121094,3827.9099121094,3852.3601074219,7493660000,0.0,0.0,^GSPC,NA,NA,NA
2022-12-19T05:00:00.000Z,3853.7900390625,3854.8601074219,3800.0400390625,3817.6599121094,3969610000,0.0,0.0,^GSPC,NA,NA,NA
2022-12-20T05:00:00.000Z,3810.4699707031,3838.2399902344,3795.6201171875,3821.6201171875,3985370000,0.0,0.0,^GSPC,NA,NA,NA
2022-12-21T05:00:00.000Z,3839.4899902344,3889.8200683594,3839.4899902344,3878.4399414062,3775200000,0.0,0.0,^GSPC,NA,NA,NA
2022-12-22T05:00:00.000Z,3853.2600097656,3853.2600097656,3764.4899902344,3822.3898925781,3956950000,0.0,0.0,^GSPC,NA,NA,NA
2022-12-23T05:00:00.000Z,3815.1101074219,3845.8000488281,3797.0100097656,3844.8200683594,2819280000,0.0,0.0,^GSPC,NA,NA,NA
2022-12-27T05:00:00.000Z,3843.3400878906,3846.6499023438,3813.2199707031,3829.25,3030300000,0.0,0.0,^GSPC,NA,NA,NA
2022-12-28T05:00:00.000Z,3829.5600585938,3848.3200683594,3780.7800292969,3783.2199707031,3083520000,0.0,0.0,^GSPC,NA,NA,NA
2022-12-29T05:00:00.000Z,3805.4499511719,3858.1899414062,3805.4499511719,3849.2800292969,3003680000,0.0,0.0,^GSPC,NA,NA,NA
2022-12-30T05:00:00.000Z,3829.0600585938,3839.8500976562,3800.3400878906,3839.5,2979870000,0.0,0.0,^GSPC,NA,NA,NA
2023-01-03T05:00:00.000Z,3853.2900390625,3878.4599609375,3794.330078125,3824.1398925781,3959140000,0.0,0.0,^GSPC,NA,NA,NA
2023-01-04T05:00:00.000Z,3840.3601074219,3873.1599121094,3815.7700195312,3852.9699707031,4414080000,0.0,0.0,^GSPC,NA,NA,NA
2023-01-05T05:00:00.000Z,3839.7399902344,3839.7399902344,3802.419921875,3808.1000976562,3893450000,0.0,0.0,^GSPC,NA,NA,NA
2023-01-06T05:00:00.000Z,3823.3701171875,3906.1899414062,3809.5600585938,3895.080078125,3923560000,0.0,0.0,^GSPC,NA,NA,NA
2023-01-09T05:00:00.000Z,3910.8200683594,3950.5700683594,3890.419921875,3892.0900878906,4311770000,0.0,0.0,^GSPC,NA,NA,NA
2023-01-10T05:00:00.000Z,3888.5700683594,3919.830078125,3877.2900390625,3919.25,3851030000,0.0,0.0,^GSPC,NA,NA,NA
2023-01-11T05:00:00.000Z,3932.3500976562,3970.0700683594,3928.5400390625,3969.6101074219,4303360000,0.0,0.0,^GSPC,NA,NA,NA
2023-01-12T05:00:00.000Z,3977.5700683594,3997.7600097656,3937.5600585938,3983.169921875,4440260000,0.0,0.0,^GSPC,NA,NA,NA
2023-01-13T05:00:00.000Z,3960.6000976562,4003.9499511719,3947.669921875,3999.0900878906,3939700000,0.0,0.0,^GSPC,NA,NA,NA
2023-01-17T05:00:00.000Z,3999.2800292969,4015.3898925781,3984.5700683594,3990.9699707031,4235560000,0.0,0.0,^GSPC,NA,NA,NA
2023-01-18T05:00:00.000Z,4002.25,4014.1599121094,3926.5900878906,3928.8601074219,4298710000,0.0,0.0,^GSPC,NA,NA,NA
2023-01-19T05:00:00.000Z,3911.8400878906,3922.9399414062,3885.5400390625,3898.8500976562,3991500000,0.0,0.0,^GSPC,NA,NA,NA
2023-01-20T05:00:00.000Z,3909.0400390625,3972.9599609375,3897.8601074219,3972.6101074219,4013360000,0.0,0.0,^GSPC,NA,NA,NA
2023-01-23T05:00:00.000Z,3978.1398925781,4039.3100585938,3971.6398925781,4019.8100585938,3945210000,0.0,0.0,^GSPC,NA,NA,NA
2023-01-24T05:00:00.000Z,4001.7399902344,4023.919921875,3989.7900390625,4016.9499511719,3320430000,0.0,0.0,^GSPC,NA,NA,NA
2023-01-25T05:00:00.000Z,3982.7099609375,4019.5500488281,3949.0600585938,4016.2199707031,3724020000,0.0,0.0,^GSPC,NA,NA,NA
2023-01-26T05:00:00.000Z,4036.080078125,4061.5700683594,4013.2900390625,4060.4299316406,3809590000,0.0,0.0,^GSPC,NA,NA,NA
2023-01-27T05:00:00.000Z,4053.7199707031,4094.2099609375,4048.6999511719,4070.5600585938,3907760000,0.0,0.0,^GSPC,NA,NA,NA
2023-01-30T05:00:00.000Z,4049.2700195312,4063.8500976562,4015.5500488281,4017.7700195312,3802000000,0.0,0.0,^GSPC,NA,NA,NA
2023-01-31T05:00:00.000Z,4020.8500976562,4077.1599121094,4020.4399414062,4076.6000976562,4679320000,0.0,0.0,^GSPC,NA,NA,NA
2023-02-01T05:00:00.000Z,4070.0700683594,4148.9501953125,4037.1999511719,4119.2099609375,4856930000,0.0,0.0,^GSPC,NA,NA,NA
2023-02-02T05:00:00.000Z,4158.6801757812,4195.4399414062,4141.8798828125,4179.759765625,5624360000,0.0,0.0,^GSPC,NA,NA,NA
2023-02-03T05:00:00.000Z,4136.6899414062,4182.3598632812,4123.3598632812,4136.4799804688,4694510000,0.0,0.0,^GSPC,NA,NA,NA
2023-02-06T05:00:00.000Z,4119.5698242188,4124.6298828125,4093.3798828125,4111.080078125,4114240000,0.0,0.0,^GSPC,NA,NA,NA
2023-02-07T05:00:00.000Z,4105.3500976562,4176.5400390625,4088.3898925781,4164.0,4355860000,0.0,0.0,^GSPC,NA,NA,NA
2023-02-08T05:00:00.000Z,4153.4702148438,4156.8500976562,4111.669921875,4117.8598632812,4029820000,0.0,0.0,^GSPC,NA,NA,NA
2023-02-09T05:00:00.000Z,4144.25,4156.2299804688,4069.669921875,4081.5,4270200000,0.0,0.0,^GSPC,NA,NA,NA
2023-02-10T05:00:00.000Z,4068.919921875,4094.3601074219,4060.7900390625,4090.4599609375,3891520000,0.0,0.0,^GSPC,NA,NA,NA
2023-02-13T05:00:00.000Z,4096.6201171875,4138.8999023438,4092.669921875,4137.2900390625,3448620000,0.0,0.0,^GSPC,NA,NA,NA
2023-02-14T05:00:00.000Z,4126.7001953125,4159.7700195312,4095.0100097656,4136.1298828125,3929200000,0.0,0.0,^GSPC,NA,NA,NA
2023-02-15T05:00:00.000Z,4119.5,4148.1098632812,4103.9799804688,4147.6000976562,4075980000,0.0,0.0,^GSPC,NA,NA,NA
2023-02-16T05:00:00.000Z,4114.75,4136.5400390625,4089.4899902344,4090.4099121094,4143660000,0.0,0.0,^GSPC,NA,NA,NA
2023-02-17T05:00:00.000Z,4077.3898925781,4081.5100097656,4047.9499511719,4079.0900878906,4045480000,0.0,0.0,^GSPC,NA,NA,NA
2023-02-21T05:00:00.000Z,4052.3500976562,4052.3500976562,3995.1899414062,3997.3400878906,4121590000,0.0,0.0,^GSPC,NA,NA,NA
2023-02-22T05:00:00.000Z,4001.830078125,4017.3701171875,3976.8999023438,3991.0500488281,4079320000,0.0,0.0,^GSPC,NA,NA,NA
2023-02-23T05:00:00.000Z,4018.6000976562,4028.3000488281,3969.1899414062,4012.3200683594,3952940000,0.0,0.0,^GSPC,NA,NA,NA
2023-02-24T05:00:00.000Z,3973.2399902344,3978.25,3943.080078125,3970.0400390625,3877700000,0.0,0.0,^GSPC,NA,NA,NA
2023-02-27T05:00:00.000Z,3992.3601074219,4018.0500488281,3973.5500488281,3982.2399902344,3836950000,0.0,0.0,^GSPC,NA,NA,NA
2023-02-28T05:00:00.000Z,3977.1899414062,3997.5,3968.9799804688,3970.1499023438,5043400000,0.0,0.0,^GSPC,NA,NA,NA
2023-03-01T05:00:00.000Z,3963.3400878906,3971.7299804688,3939.0500488281,3951.3898925781,4249480000,0.0,0.0,^GSPC,NA,NA,NA
2023-03-02T05:00:00.000Z,3938.6799316406,3990.8400878906,3928.1599121094,3981.3500976562,4244900000,0.0,0.0,^GSPC,NA,NA,NA
2023-03-03T05:00:00.000Z,3998.0200195312,4048.2900390625,3995.169921875,4045.6398925781,4084730000,0.0,0.0,^GSPC,NA,NA,NA
2023-03-06T05:00:00.000Z,4055.1499023438,4078.4899902344,4044.6101074219,4048.419921875,4000870000,0.0,0.0,^GSPC,NA,NA,NA
2023-03-07T05:00:00.000Z,4048.2600097656,4050.0,3980.3100585938,3986.3701171875,3922500000,0.0,0.0,^GSPC,NA,NA,NA
2023-03-08T05:00:00.000Z,3987.5500488281,4000.4099121094,3969.7600097656,3992.0100097656,3535570000,0.0,0.0,^GSPC,NA,NA,NA
2023-03-09T05:00:00.000Z,3998.6599121094,4017.8100585938,3908.6999511719,3918.3200683594,4445260000,0.0,0.0,^GSPC,NA,NA,NA
2023-03-10T05:00:00.000Z,3912.7700195312,3934.0500488281,3846.3200683594,3861.5900878906,5518190000,0.0,0.0,^GSPC,NA,NA,NA
2023-03-13T04:00:00.000Z,3835.1201171875,3905.0500488281,3808.8601074219,3855.7600097656,6558020000,0.0,0.0,^GSPC,NA,NA,NA
2023-03-14T04:00:00.000Z,3894.0100097656,3937.2900390625,3873.6298828125,3919.2900390625,5665870000,0.0,0.0,^GSPC,NA,NA,NA
2023-03-15T04:00:00.000Z,3876.7399902344,3894.2600097656,3838.2399902344,3891.9299316406,6594010000,0.0,0.0,^GSPC,NA,NA,NA
2023-03-16T04:00:00.000Z,3878.9299316406,3964.4599609375,3864.1101074219,3960.2800292969,5695790000,0.0,0.0,^GSPC,NA,NA,NA
2023-03-17T04:00:00.000Z,3958.6899414062,3958.9099121094,3901.2700195312,3916.6398925781,9354280000,0.0,0.0,^GSPC,NA,NA,NA
2023-03-20T04:00:00.000Z,3917.4699707031,3956.6201171875,3916.8898925781,3951.5700683594,5347140000,0.0,0.0,^GSPC,NA,NA,NA
2023-03-21T04:00:00.000Z,3975.8898925781,4009.080078125,3971.1899414062,4002.8701171875,4920240000,0.0,0.0,^GSPC,NA,NA,NA
2023-03-22T04:00:00.000Z,4002.0400390625,4039.4899902344,3936.169921875,3936.9699707031,4533010000,0.0,0.0,^GSPC,NA,NA,NA
2023-03-23T04:00:00.000Z,3959.2099609375,4007.6599121094,3919.0500488281,3948.7199707031,4991600000,0.0,0.0,^GSPC,NA,NA,NA
2023-03-24T04:00:00.000Z,3939.2099609375,3972.7399902344,3909.1599121094,3970.9899902344,4583970000,0.0,0.0,^GSPC,NA,NA,NA
2023-03-27T04:00:00.000Z,3982.9299316406,4003.830078125,3970.4899902344,3977.5300292969,4233540000,0.0,0.0,^GSPC,NA,NA,NA
2023-03-28T04:00:00.000Z,3974.1298828125,3979.1999511719,3951.5300292969,3971.2700195312,4014600000,0.0,0.0,^GSPC,NA,NA,NA
2023-03-29T04:00:00.000Z,3999.5300292969,4030.5900878906,3999.5300292969,4027.8100585938,4145250000,0.0,0.0,^GSPC,NA,NA,NA
2023-03-30T04:00:00.000Z,4046.7399902344,4057.8500976562,4032.1000976562,4050.830078125,3930860000,0.0,0.0,^GSPC,NA,NA,NA
2023-03-31T04:00:00.000Z,4056.1799316406,4110.75,4056.1799316406,4109.3100585938,4525120000,0.0,0.0,^GSPC,NA,NA,NA
2023-04-03T04:00:00.000Z,4102.2001953125,4127.66015625,4098.7900390625,4124.509765625,4234700000,0.0,0.0,^GSPC,NA,NA,NA
2023-04-04T04:00:00.000Z,4128.0297851562,4133.1298828125,4086.8701171875,4100.6000976562,4227800000,0.0,0.0,^GSPC,NA,NA,NA
2023-04-05T04:00:00.000Z,4094.5,4099.6899414062,4072.5600585938,4090.3798828125,3968020000,0.0,0.0,^GSPC,NA,NA,NA
2023-04-06T04:00:00.000Z,4081.1499023438,4107.3198242188,4069.8400878906,4105.0200195312,3486690000,0.0,0.0,^GSPC,NA,NA,NA
2023-04-10T04:00:00.000Z,4085.1999511719,4109.5,4072.5500488281,4109.1098632812,3423650000,0.0,0.0,^GSPC,NA,NA,NA
2023-04-11T04:00:00.000Z,4110.2900390625,4124.259765625,4102.6098632812,4108.9399414062,3665830000,0.0,0.0,^GSPC,NA,NA,NA
2023-04-12T04:00:00.000Z,4121.7202148438,4134.3701171875,4086.9399414062,4091.9499511719,3633120000,0.0,0.0,^GSPC,NA,NA,NA
2023-04-13T04:00:00.000Z,4100.0400390625,4150.259765625,4099.3999023438,4146.2202148438,3596590000,0.0,0.0,^GSPC,NA,NA,NA
2023-04-14T04:00:00.000Z,4140.1098632812,4163.1899414062,4113.2001953125,4137.6401367188,3575690000,0.0,0.0,^GSPC,NA,NA,NA
2023-04-17T04:00:00.000Z,4137.169921875,4151.7202148438,4123.1801757812,4151.3198242188,3611180000,0.0,0.0,^GSPC,NA,NA,NA
2023-04-18T04:00:00.000Z,4164.259765625,4169.4799804688,4140.3598632812,4154.8701171875,3536640000,0.0,0.0,^GSPC,NA,NA,NA
2023-04-19T04:00:00.000Z,4139.330078125,4162.5698242188,4134.490234375,4154.5200195312,3572560000,0.0,0.0,^GSPC,NA,NA,NA
2023-04-20T04:00:00.000Z,4130.4799804688,4148.5698242188,4114.5698242188,4129.7900390625,3772080000,0.0,0.0,^GSPC,NA,NA,NA
2023-04-21T04:00:00.000Z,4132.1401367188,4138.0200195312,4113.8598632812,4133.5200195312,3611750000,0.0,0.0,^GSPC,NA,NA,NA
2023-04-24T04:00:00.000Z,4132.0698242188,4142.41015625,4117.7700195312,4137.0400390625,3290940000,0.0,0.0,^GSPC,NA,NA,NA
2023-04-25T04:00:00.000Z,4126.4301757812,4126.4301757812,4071.3798828125,4071.6298828125,3978640000,0.0,0.0,^GSPC,NA,NA,NA
2023-04-26T04:00:00.000Z,4087.7800292969,4089.669921875,4049.3500976562,4055.9899902344,3837030000,0.0,0.0,^GSPC,NA,NA,NA
2023-04-27T04:00:00.000Z,4075.2900390625,4138.240234375,4075.2900390625,4135.3500976562,3750550000,0.0,0.0,^GSPC,NA,NA,NA
2023-04-28T04:00:00.000Z,4129.6298828125,4170.0600585938,4127.1801757812,4169.4799804688,4087800000,0.0,0.0,^GSPC,NA,NA,NA
2023-05-01T04:00:00.000Z,4166.7900390625,4186.919921875,4164.1201171875,4167.8701171875,3321370000,0.0,0.0,^GSPC,NA,NA,NA
2023-05-02T04:00:00.000Z,4164.1000976562,4164.1000976562,4089.7199707031,4119.580078125,4486130000,0.0,0.0,^GSPC,NA,NA,NA
2023-05-03T04:00:00.000Z,4122.25,4148.2998046875,4088.8601074219,4090.75,4246510000,0.0,0.0,^GSPC,NA,NA,NA
2023-05-04T04:00:00.000Z,4082.5500488281,4082.6101074219,4048.2800292969,4061.2199707031,4920090000,0.0,0.0,^GSPC,NA,NA,NA
2023-05-05T04:00:00.000Z,4084.7299804688,4147.0200195312,4084.7299804688,4136.25,4186270000,0.0,0.0,^GSPC,NA,NA,NA
2023-05-08T04:00:00.000Z,4136.9799804688,4142.2998046875,4123.8100585938,4138.1201171875,3641640000,0.0,0.0,^GSPC,NA,NA,NA
2023-05-09T04:00:00.000Z,4124.25,4130.3500976562,4116.6499023438,4119.169921875,3810140000,0.0,0.0,^GSPC,NA,NA,NA
2023-05-10T04:00:00.000Z,4143.740234375,4154.2797851562,4098.919921875,4137.6401367188,4057160000,0.0,0.0,^GSPC,NA,NA,NA
2023-05-11T04:00:00.000Z,4132.240234375,4132.7998046875,4109.2900390625,4130.6201171875,3752900000,0.0,0.0,^GSPC,NA,NA,NA
2023-05-12T04:00:00.000Z,4138.5400390625,4143.740234375,4099.1201171875,4124.080078125,3533740000,0.0,0.0,^GSPC,NA,NA,NA
2023-05-15T04:00:00.000Z,4126.6499023438,4141.25,4110.2700195312,4136.2797851562,3562170000,0.0,0.0,^GSPC,NA,NA,NA
2023-05-16T04:00:00.000Z,4127.9501953125,4135.5400390625,4109.8598632812,4109.8999023438,3654200000,0.0,0.0,^GSPC,NA,NA,NA
2023-05-17T04:00:00.000Z,4122.8500976562,4164.669921875,4113.6201171875,4158.7700195312,4039080000,0.0,0.0,^GSPC,NA,NA,NA
2023-05-18T04:00:00.000Z,4157.6801757812,4202.2001953125,4153.5,4198.0498046875,3980500000,0.0,0.0,^GSPC,NA,NA,NA
2023-05-19T04:00:00.000Z,4204.1499023438,4212.91015625,4180.2001953125,4191.9799804688,4041900000,0.0,0.0,^GSPC,NA,NA,NA
2023-05-22T04:00:00.000Z,4190.7797851562,4209.2202148438,4179.6801757812,4192.6298828125,3728520000,0.0,0.0,^GSPC,NA,NA,NA
2023-05-23T04:00:00.000Z,4176.7998046875,4185.6801757812,4142.5400390625,4145.580078125,4155320000,0.0,0.0,^GSPC,NA,NA,NA
2023-05-24T04:00:00.000Z,4132.9599609375,4132.9599609375,4103.9799804688,4115.240234375,0,0.0,0.0,^GSPC,NA,NA,NA
2023-05-25T04:00:00.000Z,4155.7099609375,4165.740234375,4129.7299804688,4151.2797851562,4147760000,0.0,0.0,^GSPC,NA,NA,NA
2023-05-26T04:00:00.000Z,4156.16015625,4212.8701171875,4156.16015625,4205.4501953125,3715460000,0.0,0.0,^GSPC,NA,NA,NA
2023-05-30T04:00:00.000Z,4226.7099609375,4231.1000976562,4192.1801757812,4205.5200195312,4228510000,0.0,0.0,^GSPC,NA,NA,NA
2023-05-31T04:00:00.000Z,4190.740234375,4195.4399414062,4166.1499023438,4179.830078125,5980670000,0.0,0.0,^GSPC,NA,NA,NA
2023-06-01T04:00:00.000Z,4183.0297851562,4232.4301757812,4171.6401367188,4221.0200195312,4391860000,0.0,0.0,^GSPC,NA,NA,NA
2023-06-02T04:00:00.000Z,4241.009765625,4290.669921875,4241.009765625,4282.3701171875,4454200000,0.0,0.0,^GSPC,NA,NA,NA
2023-06-05T04:00:00.000Z,4282.990234375,4299.2797851562,4266.8198242188,4273.7900390625,3813290000,0.0,0.0,^GSPC,NA,NA,NA
2023-06-06T04:00:00.000Z,4271.33984375,4288.330078125,4263.08984375,4283.8500976562,3996560000,0.0,0.0,^GSPC,NA,NA,NA
2023-06-07T04:00:00.000Z,4285.4702148438,4299.1899414062,4263.9599609375,4267.5200195312,4537800000,0.0,0.0,^GSPC,NA,NA,NA
2023-06-08T04:00:00.000Z,4268.6899414062,4298.009765625,4261.0698242188,4293.9301757812,3826740000,0.0,0.0,^GSPC,NA,NA,NA
2023-06-09T04:00:00.000Z,4304.8798828125,4322.6201171875,4291.7001953125,4298.8598632812,3786510000,0.0,0.0,^GSPC,NA,NA,NA
2023-06-12T04:00:00.000Z,4308.3198242188,4340.1298828125,4304.3701171875,4338.9301757812,3945670000,0.0,0.0,^GSPC,NA,NA,NA
2023-06-13T04:00:00.000Z,4352.6098632812,4375.3701171875,4349.3100585938,4369.009765625,4275400000,0.0,0.0,^GSPC,NA,NA,NA
2023-06-14T04:00:00.000Z,4366.2900390625,4391.8198242188,4337.8500976562,4372.58984375,4252110000,0.0,0.0,^GSPC,NA,NA,NA
2023-06-15T04:00:00.000Z,4365.330078125,4439.2001953125,4362.6000976562,4425.83984375,4176690000,0.0,0.0,^GSPC,NA,NA,NA
2023-06-16T04:00:00.000Z,4440.9501953125,4448.4702148438,4407.4399414062,4409.58984375,6848600000,0.0,0.0,^GSPC,NA,NA,NA
2023-06-20T04:00:00.000Z,4396.1098632812,4400.1499023438,4367.1899414062,4388.7099609375,4055790000,0.0,0.0,^GSPC,NA,NA,NA
2023-06-21T04:00:00.000Z,4380.009765625,4386.2202148438,4360.1401367188,4365.6899414062,3709330000,0.0,0.0,^GSPC,NA,NA,NA
2023-06-22T04:00:00.000Z,4355.3999023438,4382.25,4351.8198242188,4381.8901367188,3511000000,0.0,0.0,^GSPC,NA,NA,NA
2023-06-23T04:00:00.000Z,4354.169921875,4366.5498046875,4341.33984375,4348.330078125,6053620000,0.0,0.0,^GSPC,NA,NA,NA
2023-06-26T04:00:00.000Z,4344.83984375,4362.0600585938,4328.080078125,4328.8198242188,3415030000,0.0,0.0,^GSPC,NA,NA,NA
2023-06-27T04:00:00.000Z,4337.3598632812,4384.419921875,4335.0,4378.41015625,3573500000,0.0,0.0,^GSPC,NA,NA,NA
2023-06-28T04:00:00.000Z,4367.4799804688,4390.3500976562,4360.2202148438,4376.8598632812,3739330000,0.0,0.0,^GSPC,NA,NA,NA
2023-06-29T04:00:00.000Z,4374.9399414062,4398.3901367188,4371.9702148438,4396.4399414062,3696660000,0.0,0.0,^GSPC,NA,NA,NA
2023-06-30T04:00:00.000Z,4422.4399414062,4458.4799804688,4422.4399414062,4450.3798828125,3923450000,0.0,0.0,^GSPC,NA,NA,NA
2023-07-03T04:00:00.000Z,4450.4799804688,4456.4599609375,4442.2900390625,4455.58984375,2034280000,0.0,0.0,^GSPC,NA,NA,NA
2023-07-05T04:00:00.000Z,4442.0400390625,4454.0600585938,4436.6098632812,4446.8198242188,3482620000,0.0,0.0,^GSPC,NA,NA,NA
2023-07-06T04:00:00.000Z,4422.6201171875,4422.6201171875,4385.0498046875,4411.58984375,3682020000,0.0,0.0,^GSPC,NA,NA,NA
2023-07-07T04:00:00.000Z,4404.5400390625,4440.3901367188,4397.3999023438,4398.9501953125,3630480000,0.0,0.0,^GSPC,NA,NA,NA
2023-07-10T04:00:00.000Z,4394.2299804688,4412.6000976562,4389.919921875,4409.5297851562,3429600000,0.0,0.0,^GSPC,NA,NA,NA
2023-07-11T04:00:00.000Z,4415.5498046875,4443.6401367188,4408.4599609375,4439.259765625,3624220000,0.0,0.0,^GSPC,NA,NA,NA
2023-07-12T04:00:00.000Z,4467.6899414062,4488.33984375,4463.2299804688,4472.16015625,3920290000,0.0,0.0,^GSPC,NA,NA,NA
2023-07-13T04:00:00.000Z,4491.5,4517.3798828125,4489.3598632812,4510.0400390625,3839530000,0.0,0.0,^GSPC,NA,NA,NA
2023-07-14T04:00:00.000Z,4514.6098632812,4527.759765625,4499.5600585938,4505.419921875,3647450000,0.0,0.0,^GSPC,NA,NA,NA
2023-07-17T04:00:00.000Z,4508.8598632812,4532.8500976562,4504.8999023438,4522.7900390625,3538240000,0.0,0.0,^GSPC,NA,NA,NA
2023-07-18T04:00:00.000Z,4521.7797851562,4562.2998046875,4514.58984375,4554.9799804688,4090010000,0.0,0.0,^GSPC,NA,NA,NA
2023-07-19T04:00:00.000Z,4563.8701171875,4578.4301757812,4557.4799804688,4565.7202148438,4115670000,0.0,0.0,^GSPC,NA,NA,NA
2023-07-20T04:00:00.000Z,4554.3798828125,4564.740234375,4527.5600585938,4534.8701171875,3761770000,0.0,0.0,^GSPC,NA,NA,NA
2023-07-21T04:00:00.000Z,4550.16015625,4555.0,4535.7900390625,4536.33984375,3570190000,0.0,0.0,^GSPC,NA,NA,NA
2023-07-24T04:00:00.000Z,4543.3901367188,4563.41015625,4541.2900390625,4554.6401367188,3856250000,0.0,0.0,^GSPC,NA,NA,NA
2023-07-25T04:00:00.000Z,4555.1899414062,4580.6201171875,4552.419921875,4567.4599609375,3812470000,0.0,0.0,^GSPC,NA,NA,NA
2023-07-26T04:00:00.000Z,4558.9599609375,4582.4702148438,4547.580078125,4566.75,3990290000,0.0,0.0,^GSPC,NA,NA,NA
2023-07-27T04:00:00.000Z,4598.259765625,4607.0698242188,4528.5600585938,4537.41015625,4553210000,0.0,0.0,^GSPC,NA,NA,NA
2023-07-28T04:00:00.000Z,4565.75,4590.16015625,4564.009765625,4582.2299804688,3981010000,0.0,0.0,^GSPC,NA,NA,NA
2023-07-31T04:00:00.000Z,4584.8198242188,4594.2202148438,4573.1401367188,4588.9599609375,4503600000,0.0,0.0,^GSPC,NA,NA,NA
2023-08-01T04:00:00.000Z,4578.830078125,4584.6201171875,4567.5297851562,4576.7299804688,4042370000,0.0,0.0,^GSPC,NA,NA,NA
2023-08-02T04:00:00.000Z,4550.9301757812,4550.9301757812,4505.75,4513.3901367188,4270710000,0.0,0.0,^GSPC,NA,NA,NA
2023-08-03T04:00:00.000Z,4494.2700195312,4519.490234375,4485.5400390625,4501.8901367188,4149120000,0.0,0.0,^GSPC,NA,NA,NA
2023-08-04T04:00:00.000Z,4513.9599609375,4540.33984375,4474.5498046875,4478.0297851562,4143310000,0.0,0.0,^GSPC,NA,NA,NA
2023-08-07T04:00:00.000Z,4491.580078125,4519.83984375,4491.1499023438,4518.4399414062,3493920000,0.0,0.0,^GSPC,NA,NA,NA
2023-08-08T04:00:00.000Z,4498.0297851562,4503.3100585938,4464.3901367188,4499.3798828125,3884910000,0.0,0.0,^GSPC,NA,NA,NA
2023-08-09T04:00:00.000Z,4501.5698242188,4502.4399414062,4461.330078125,4467.7099609375,3803100000,0.0,0.0,^GSPC,NA,NA,NA
2023-08-10T04:00:00.000Z,4487.16015625,4527.3701171875,4457.919921875,4468.830078125,4504370000,0.0,0.0,^GSPC,NA,NA,NA
2023-08-11T04:00:00.000Z,4450.6899414062,4476.2299804688,4443.9799804688,4464.0498046875,3753290000,0.0,0.0,^GSPC,NA,NA,NA
2023-08-14T04:00:00.000Z,4458.1298828125,4490.330078125,4453.4399414062,4489.7202148438,3896410000,0.0,0.0,^GSPC,NA,NA,NA
2023-08-15T04:00:00.000Z,4478.8701171875,4478.8701171875,4432.1899414062,4437.8598632812,3832250000,0.0,0.0,^GSPC,NA,NA,NA
2023-08-16T04:00:00.000Z,4433.7900390625,4449.9501953125,4403.5498046875,4404.330078125,3753910000,0.0,0.0,^GSPC,NA,NA,NA
2023-08-17T04:00:00.000Z,4416.3198242188,4421.169921875,4364.830078125,4370.3598632812,3943700000,0.0,0.0,^GSPC,NA,NA,NA
2023-08-18T04:00:00.000Z,4344.8798828125,4381.8198242188,4335.3100585938,4369.7099609375,3940400000,0.0,0.0,^GSPC,NA,NA,NA
2023-08-21T04:00:00.000Z,4380.2797851562,4407.5498046875,4360.2998046875,4399.7700195312,3726850000,0.0,0.0,^GSPC,NA,NA,NA
2023-08-22T04:00:00.000Z,4415.330078125,4418.58984375,4382.7700195312,4387.5498046875,3522760000,0.0,0.0,^GSPC,NA,NA,NA
2023-08-23T04:00:00.000Z,4396.4399414062,4443.1801757812,4396.4399414062,4436.009765625,3837270000,0.0,0.0,^GSPC,NA,NA,NA
2023-08-24T04:00:00.000Z,4455.16015625,4458.2998046875,4375.5498046875,4376.3100585938,3723470000,0.0,0.0,^GSPC,NA,NA,NA
2023-08-25T04:00:00.000Z,4389.3798828125,4418.4599609375,4356.2900390625,4405.7099609375,3296180000,0.0,0.0,^GSPC,NA,NA,NA
2023-08-28T04:00:00.000Z,4426.0297851562,4439.5600585938,4414.9799804688,4433.3100585938,2957230000,0.0,0.0,^GSPC,NA,NA,NA
2023-08-29T04:00:00.000Z,4432.75,4500.1401367188,4431.6801757812,4497.6298828125,3354820000,0.0,0.0,^GSPC,NA,NA,NA
2023-08-30T04:00:00.000Z,4500.33984375,4521.6499023438,4493.58984375,4514.8701171875,3064110000,0.0,0.0,^GSPC,NA,NA,NA
2023-08-31T04:00:00.000Z,4517.009765625,4532.259765625,4507.3901367188,4507.66015625,3946360000,0.0,0.0,^GSPC,NA,NA,NA
2023-09-01T04:00:00.000Z,4530.6000976562,4541.25,4501.3500976562,4515.7700195312,3246260000,0.0,0.0,^GSPC,NA,NA,NA
2023-09-05T04:00:00.000Z,4510.0600585938,4514.2900390625,4496.009765625,4496.830078125,3526250000,0.0,0.0,^GSPC,NA,NA,NA
2023-09-06T04:00:00.000Z,4490.3500976562,4490.3500976562,4442.3798828125,4465.4799804688,3418850000,0.0,0.0,^GSPC,NA,NA,NA
2023-09-07T04:00:00.000Z,4434.5498046875,4457.8100585938,4430.4599609375,4451.1401367188,3763760000,0.0,0.0,^GSPC,NA,NA,NA
2023-09-08T04:00:00.000Z,4451.2998046875,4473.5297851562,4448.3798828125,4457.490234375,3259290000,0.0,0.0,^GSPC,NA,NA,NA
2023-09-11T04:00:00.000Z,4480.9799804688,4490.7700195312,4467.8901367188,4487.4599609375,3369920000,0.0,0.0,^GSPC,NA,NA,NA
2023-09-12T04:00:00.000Z,4473.2700195312,4487.1098632812,4456.830078125,4461.8999023438,3435740000,0.0,0.0,^GSPC,NA,NA,NA
2023-09-13T04:00:00.000Z,4462.6499023438,4479.3901367188,4453.5200195312,4467.4399414062,3529430000,0.0,0.0,^GSPC,NA,NA,NA
2023-09-14T04:00:00.000Z,4487.7797851562,4511.990234375,4478.6899414062,4505.1000976562,3648720000,0.0,0.0,^GSPC,NA,NA,NA
2023-09-15T04:00:00.000Z,4497.9799804688,4497.9799804688,4447.2099609375,4450.3198242188,6932230000,0.0,0.0,^GSPC,NA,NA,NA
2023-09-18T04:00:00.000Z,4445.1298828125,4466.3598632812,4442.1098632812,4453.5297851562,3161230000,0.0,0.0,^GSPC,NA,NA,NA
2023-09-19T04:00:00.000Z,4445.41015625,4449.8500976562,4416.6098632812,4443.9501953125,3614880000,0.0,0.0,^GSPC,NA,NA,NA
2023-09-20T04:00:00.000Z,4452.8100585938,4461.0297851562,4401.3798828125,4402.2001953125,3308450000,0.0,0.0,^GSPC,NA,NA,NA
2023-09-21T04:00:00.000Z,4374.3598632812,4375.7001953125,4329.169921875,4330.0,3662340000,0.0,0.0,^GSPC,NA,NA,NA
2023-09-22T04:00:00.000Z,4341.740234375,4357.3999023438,4316.490234375,4320.0600585938,3349570000,0.0,0.0,^GSPC,NA,NA,NA
2023-09-25T04:00:00.000Z,4310.6201171875,4338.509765625,4302.7001953125,4337.4399414062,3195650000,0.0,0.0,^GSPC,NA,NA,NA
2023-09-26T04:00:00.000Z,4312.8798828125,4313.009765625,4265.9799804688,4273.5297851562,3472340000,0.0,0.0,^GSPC,NA,NA,NA
2023-09-27T04:00:00.000Z,4282.6298828125,4292.0698242188,4238.6298828125,4274.509765625,3875880000,0.0,0.0,^GSPC,NA,NA,NA
2023-09-28T04:00:00.000Z,4269.6499023438,4317.2700195312,4264.3798828125,4299.7001953125,3846230000,0.0,0.0,^GSPC,NA,NA,NA
2023-09-29T04:00:00.000Z,4328.1801757812,4333.1499023438,4274.8598632812,4288.0498046875,3865960000,0.0,0.0,^GSPC,NA,NA,NA
2023-10-02T04:00:00.000Z,4284.5200195312,4300.580078125,4260.2099609375,4288.3901367188,3938660000,0.0,0.0,^GSPC,NA,NA,NA
2023-10-03T04:00:00.000Z,4269.75,4281.1499023438,4216.4501953125,4229.4501953125,3953830000,0.0,0.0,^GSPC,NA,NA,NA
2023-10-04T04:00:00.000Z,4233.830078125,4268.5,4220.4799804688,4263.75,3777600000,0.0,0.0,^GSPC,NA,NA,NA
2023-10-05T04:00:00.000Z,4259.3100585938,4267.1298828125,4225.91015625,4258.1899414062,3581470000,0.0,0.0,^GSPC,NA,NA,NA
2023-10-06T04:00:00.000Z,4234.7900390625,4324.1000976562,4219.5498046875,4308.5,3902030000,0.0,0.0,^GSPC,NA,NA,NA
2023-10-09T04:00:00.000Z,4289.0200195312,4341.7299804688,4283.7900390625,4335.66015625,3174630000,0.0,0.0,^GSPC,NA,NA,NA
2023-10-10T04:00:00.000Z,4339.75,4385.4599609375,4339.6401367188,4358.240234375,3520240000,0.0,0.0,^GSPC,NA,NA,NA
2023-10-11T04:00:00.000Z,4366.58984375,4378.6401367188,4345.33984375,4376.9501953125,3601660000,0.0,0.0,^GSPC,NA,NA,NA
2023-10-12T04:00:00.000Z,4380.9399414062,4385.8500976562,4325.4301757812,4349.6098632812,3713140000,0.0,0.0,^GSPC,NA,NA,NA
2023-10-13T04:00:00.000Z,4360.490234375,4377.1000976562,4311.9702148438,4327.7797851562,3566560000,0.0,0.0,^GSPC,NA,NA,NA
2023-10-16T04:00:00.000Z,4342.3701171875,4383.330078125,4342.3701171875,4373.6298828125,3409960000,0.0,0.0,^GSPC,NA,NA,NA
2023-10-17T04:00:00.000Z,4345.2299804688,4393.5698242188,4337.5400390625,4373.2001953125,3794850000,0.0,0.0,^GSPC,NA,NA,NA
2023-10-18T04:00:00.000Z,4357.3500976562,4364.2001953125,4303.83984375,4314.6000976562,3686030000,0.0,0.0,^GSPC,NA,NA,NA
2023-10-19T04:00:00.000Z,4321.3598632812,4339.5400390625,4269.6899414062,4278.0,3969730000,0.0,0.0,^GSPC,NA,NA,NA
2023-10-20T04:00:00.000Z,4273.8500976562,4276.5600585938,4223.0297851562,4224.16015625,4004030000,0.0,0.0,^GSPC,NA,NA,NA
2023-10-23T04:00:00.000Z,4210.3999023438,4255.83984375,4189.2202148438,4217.0400390625,3776100000,0.0,0.0,^GSPC,NA,NA,NA
2023-10-24T04:00:00.000Z,4235.7900390625,4259.3798828125,4219.4301757812,4247.6801757812,3821820000,0.0,0.0,^GSPC,NA,NA,NA
2023-10-25T04:00:00.000Z,4232.419921875,4232.419921875,4181.419921875,4186.7700195312,3869370000,0.0,0.0,^GSPC,NA,NA,NA
2023-10-26T04:00:00.000Z,4175.990234375,4183.6000976562,4127.8999023438,4137.2299804688,4277640000,0.0,0.0,^GSPC,NA,NA,NA
2023-10-27T04:00:00.000Z,4152.9301757812,4156.7001953125,4103.7797851562,4117.3701171875,4019500000,0.0,0.0,^GSPC,NA,NA,NA
2023-10-30T04:00:00.000Z,4139.3901367188,4177.4702148438,4132.9399414062,4166.8198242188,3911140000,0.0,0.0,^GSPC,NA,NA,NA
2023-10-31T04:00:00.000Z,4171.330078125,4195.5498046875,4153.1201171875,4193.7998046875,4249470000,0.0,0.0,^GSPC,NA,NA,NA
2023-11-01T04:00:00.000Z,4201.2700195312,4245.6401367188,4197.740234375,4237.8598632812,4224900000,0.0,0.0,^GSPC,NA,NA,NA
2023-11-02T04:00:00.000Z,4268.259765625,4319.7202148438,4268.259765625,4317.7797851562,4669780000,0.0,0.0,^GSPC,NA,NA,NA
2023-11-03T04:00:00.000Z,4334.2299804688,4373.6201171875,4334.2299804688,4358.33984375,4570960000,0.0,0.0,^GSPC,NA,NA,NA
2023-11-06T05:00:00.000Z,4364.2700195312,4372.2099609375,4347.5297851562,4365.9799804688,3656340000,0.0,0.0,^GSPC,NA,NA,NA
2023-11-07T05:00:00.000Z,4366.2099609375,4386.259765625,4355.41015625,4378.3798828125,3791230000,0.0,0.0,^GSPC,NA,NA,NA
2023-11-08T05:00:00.000Z,4384.3701171875,4391.2001953125,4359.759765625,4382.7797851562,3729510000,0.0,0.0,^GSPC,NA,NA,NA
2023-11-09T05:00:00.000Z,4391.41015625,4393.3999023438,4343.9399414062,4347.3500976562,3900780000,0.0,0.0,^GSPC,NA,NA,NA
2023-11-10T05:00:00.000Z,4364.1499023438,4418.0297851562,4353.33984375,4415.240234375,3665080000,0.0,0.0,^GSPC,NA,NA,NA
2023-11-13T05:00:00.000Z,4406.66015625,4421.759765625,4393.8198242188,4411.5498046875,3326240000,0.0,0.0,^GSPC,NA,NA,NA
2023-11-14T05:00:00.000Z,4458.9702148438,4508.669921875,4458.9702148438,4495.7001953125,4700350000,0.0,0.0,^GSPC,NA,NA,NA
2023-11-15T05:00:00.000Z,4505.2998046875,4521.169921875,4495.3100585938,4502.8798828125,4347170000,0.0,0.0,^GSPC,NA,NA,NA
2023-11-16T05:00:00.000Z,4497.080078125,4511.990234375,4487.830078125,4508.240234375,3964520000,0.0,0.0,^GSPC,NA,NA,NA
2023-11-17T05:00:00.000Z,4509.5498046875,4520.1201171875,4499.66015625,4514.0200195312,3777240000,0.0,0.0,^GSPC,NA,NA,NA
2023-11-20T05:00:00.000Z,4511.7001953125,4557.1098632812,4510.3598632812,4547.3798828125,3644790000,0.0,0.0,^GSPC,NA,NA,NA
2023-11-21T05:00:00.000Z,4538.7700195312,4542.1401367188,4525.509765625,4538.1899414062,3511080000,0.0,0.0,^GSPC,NA,NA,NA
2023-11-22T05:00:00.000Z,4553.0400390625,4568.4301757812,4545.0498046875,4556.6201171875,3042810000,0.0,0.0,^GSPC,NA,NA,NA
2023-11-24T05:00:00.000Z,4555.83984375,4560.3100585938,4552.7998046875,4559.33984375,1639500000,0.0,0.0,^GSPC,NA,NA,NA
2023-11-27T05:00:00.000Z,4554.8598632812,4560.5200195312,4546.3198242188,4550.4301757812,3403990000,0.0,0.0,^GSPC,NA,NA,NA
2023-11-28T05:00:00.000Z,4545.5498046875,4568.1401367188,4540.509765625,4554.8901367188,3586240000,0.0,0.0,^GSPC,NA,NA,NA
2023-11-29T05:00:00.000Z,4571.83984375,4587.6401367188,4547.1499023438,4550.580078125,4418760000,0.0,0.0,^GSPC,NA,NA,NA
2023-11-30T05:00:00.000Z,4554.8701171875,4569.8901367188,4537.240234375,4567.7998046875,5399300000,0.0,0.0,^GSPC,NA,NA,NA
2023-12-01T05:00:00.000Z,4559.4301757812,4599.3901367188,4554.7099609375,4594.6298828125,4397120000,0.0,0.0,^GSPC,NA,NA,NA
2023-12-04T05:00:00.000Z,4564.3701171875,4572.3701171875,4546.7202148438,4569.7797851562,4369910000,0.0,0.0,^GSPC,NA,NA,NA
2023-12-05T05:00:00.000Z,4557.25,4578.5600585938,4551.6801757812,4567.1801757812,3909950000,0.0,0.0,^GSPC,NA,NA,NA
2023-12-06T05:00:00.000Z,4586.2299804688,4590.740234375,4546.5,4549.33984375,4245680000,0.0,0.0,^GSPC,NA,NA,NA
2023-12-07T05:00:00.000Z,4568.83984375,4590.919921875,4565.2202148438,4585.58984375,3818880000,0.0,0.0,^GSPC,NA,NA,NA
2023-12-08T05:00:00.000Z,4576.2001953125,4609.2299804688,4574.0600585938,4604.3701171875,3707010000,0.0,0.0,^GSPC,NA,NA,NA
2023-12-11T05:00:00.000Z,4593.3901367188,4623.7099609375,4593.3901367188,4622.4399414062,3823210000,0.0,0.0,^GSPC,NA,NA,NA
2023-12-12T05:00:00.000Z,4618.2998046875,4643.9301757812,4608.08984375,4643.7001953125,3808380000,0.0,0.0,^GSPC,NA,NA,NA
2023-12-13T05:00:00.000Z,4646.2001953125,4709.6899414062,4643.2299804688,4707.08984375,5063650000,0.0,0.0,^GSPC,NA,NA,NA
2023-12-14T05:00:00.000Z,4721.0400390625,4738.5698242188,4694.33984375,4719.5498046875,6314040000,0.0,0.0,^GSPC,NA,NA,NA
2023-12-15T05:00:00.000Z,4714.2299804688,4725.5297851562,4704.6899414062,4719.1899414062,8218980000,0.0,0.0,^GSPC,NA,NA,NA
2023-12-18T05:00:00.000Z,4725.580078125,4749.5200195312,4725.580078125,4740.5600585938,4060340000,0.0,0.0,^GSPC,NA,NA,NA
2023-12-19T05:00:00.000Z,4743.7202148438,4768.6899414062,4743.7202148438,4768.3701171875,4026970000,0.0,0.0,^GSPC,NA,NA,NA
2023-12-20T05:00:00.000Z,4764.7299804688,4778.009765625,4697.8198242188,4698.3500976562,4201320000,0.0,0.0,^GSPC,NA,NA,NA
2023-12-21T05:00:00.000Z,4724.2900390625,4748.7099609375,4708.3500976562,4746.75,3431180000,0.0,0.0,^GSPC,NA,NA,NA
2023-12-22T05:00:00.000Z,4753.919921875,4772.9399414062,4736.7700195312,4754.6298828125,3046770000,0.0,0.0,^GSPC,NA,NA,NA
2023-12-26T05:00:00.000Z,4758.8598632812,4784.7202148438,4758.4501953125,4774.75,2513910000,0.0,0.0,^GSPC,NA,NA,NA
2023-12-27T05:00:00.000Z,4773.4501953125,4785.3901367188,4768.8999023438,4781.580078125,2748450000,0.0,0.0,^GSPC,NA,NA,NA
2023-12-28T05:00:00.000Z,4786.4399414062,4793.2998046875,4780.9799804688,4783.3500976562,2698860000,0.0,0.0,^GSPC,NA,NA,NA
2023-12-29T05:00:00.000Z,4782.8798828125,4788.4301757812,4751.990234375,4769.830078125,3126060000,0.0,0.0,^GSPC,NA,NA,NA
2024-01-02T05:00:00.000Z,4745.2001953125,4754.330078125,4722.669921875,4742.830078125,3743050000,0.0,0.0,^GSPC,NA,NA,NA
2024-01-03T05:00:00.000Z,4725.0698242188,4729.2900390625,4699.7099609375,4704.8100585938,3950760000,0.0,0.0,^GSPC,NA,NA,NA
2024-01-04T05:00:00.000Z,4697.419921875,4726.7797851562,4687.5297851562,4688.6801757812,3715480000,0.0,0.0,^GSPC,NA,NA,NA
2024-01-05T05:00:00.000Z,4690.5698242188,4721.490234375,4682.1098632812,4697.240234375,3844370000,0.0,0.0,^GSPC,NA,NA,NA
2024-01-08T05:00:00.000Z,4703.7001953125,4764.5400390625,4699.8198242188,4763.5400390625,3742320000,0.0,0.0,^GSPC,NA,NA,NA
2024-01-09T05:00:00.000Z,4741.9301757812,4765.4702148438,4730.3500976562,4756.5,3529960000,0.0,0.0,^GSPC,NA,NA,NA
2024-01-10T05:00:00.000Z,4759.9399414062,4790.7998046875,4756.2001953125,4783.4501953125,3498680000,0.0,0.0,^GSPC,NA,NA,NA
2024-01-11T05:00:00.000Z,4792.1298828125,4798.5,4739.580078125,4780.240234375,3759890000,0.0,0.0,^GSPC,NA,NA,NA
2024-01-12T05:00:00.000Z,4791.1801757812,4802.3999023438,4768.9799804688,4783.830078125,3486340000,0.0,0.0,^GSPC,NA,NA,NA
2024-01-16T05:00:00.000Z,4772.3500976562,4782.33984375,4747.1201171875,4765.9799804688,4260550000,0.0,0.0,^GSPC,NA,NA,NA
2024-01-17T05:00:00.000Z,4739.1298828125,4744.2299804688,4714.8198242188,4739.2099609375,3928600000,0.0,0.0,^GSPC,NA,NA,NA
2024-01-18T05:00:00.000Z,4760.1000976562,4785.7900390625,4740.5698242188,4780.9399414062,4019000000,0.0,0.0,^GSPC,NA,NA,NA
2024-01-19T05:00:00.000Z,4796.2797851562,4842.0698242188,4785.8701171875,4839.8100585938,4287200000,0.0,0.0,^GSPC,NA,NA,NA
2024-01-22T05:00:00.000Z,4853.419921875,4868.41015625,4844.0498046875,4850.4301757812,4297610000,0.0,0.0,^GSPC,NA,NA,NA
2024-01-23T05:00:00.000Z,4856.7998046875,4866.4799804688,4844.3701171875,4864.6000976562,3912800000,0.0,0.0,^GSPC,NA,NA,NA
2024-01-24T05:00:00.000Z,4888.5600585938,4903.6801757812,4865.9399414062,4868.5498046875,4330030000,0.0,0.0,^GSPC,NA,NA,NA
2024-01-25T05:00:00.000Z,4886.66015625,4898.1499023438,4869.33984375,4894.16015625,4020430000,0.0,0.0,^GSPC,NA,NA,NA
2024-01-26T05:00:00.000Z,4888.91015625,4906.6899414062,4881.4702148438,4890.9702148438,3353400000,0.0,0.0,^GSPC,NA,NA,NA
2024-01-29T05:00:00.000Z,4892.9501953125,4929.3100585938,4887.3999023438,4927.9301757812,3525160000,0.0,0.0,^GSPC,NA,NA,NA
2024-01-30T05:00:00.000Z,4925.8901367188,4931.08984375,4916.2700195312,4924.9702148438,3836130000,0.0,0.0,^GSPC,NA,NA,NA
2024-01-31T05:00:00.000Z,4899.1899414062,4906.75,4845.1499023438,4845.6499023438,4696120000,0.0,0.0,^GSPC,NA,NA,NA
2024-02-01T05:00:00.000Z,4861.1098632812,4906.9702148438,4853.5200195312,4906.1899414062,4386090000,0.0,0.0,^GSPC,NA,NA,NA
2024-02-02T05:00:00.000Z,4916.0600585938,4975.2900390625,4907.990234375,4958.6098632812,3974350000,0.0,0.0,^GSPC,NA,NA,NA
2024-02-05T05:00:00.000Z,4957.1899414062,4957.1899414062,4918.08984375,4942.8100585938,4023640000,0.0,0.0,^GSPC,NA,NA,NA
2024-02-06T05:00:00.000Z,4950.16015625,4957.7700195312,4934.8798828125,4954.2299804688,4440880000,0.0,0.0,^GSPC,NA,NA,NA
2024-02-07T05:00:00.000Z,4973.0498046875,4999.8901367188,4969.0498046875,4995.0600585938,4895590000,0.0,0.0,^GSPC,NA,NA,NA
2024-02-08T05:00:00.000Z,4995.16015625,5000.3999023438,4987.08984375,4997.91015625,4341860000,0.0,0.0,^GSPC,NA,NA,NA
2024-02-09T05:00:00.000Z,5004.169921875,5030.0600585938,5000.33984375,5026.6098632812,3912990000,0.0,0.0,^GSPC,NA,NA,NA
2024-02-12T05:00:00.000Z,5026.830078125,5048.3901367188,5016.830078125,5021.83984375,3805740000,0.0,0.0,^GSPC,NA,NA,NA
2024-02-13T05:00:00.000Z,4967.9399414062,4971.2998046875,4920.3100585938,4953.169921875,4302190000,0.0,0.0,^GSPC,NA,NA,NA
2024-02-14T05:00:00.000Z,4976.4399414062,5002.5200195312,4956.4501953125,5000.6201171875,3845600000,0.0,0.0,^GSPC,NA,NA,NA
2024-02-15T05:00:00.000Z,5003.1401367188,5032.7202148438,4999.4399414062,5029.7299804688,4137970000,0.0,0.0,^GSPC,NA,NA,NA
2024-02-16T05:00:00.000Z,5031.1298828125,5038.7001953125,4999.5200195312,5005.5698242188,3833270000,0.0,0.0,^GSPC,NA,NA,NA
2024-02-20T05:00:00.000Z,4989.3198242188,4993.7099609375,4955.0200195312,4975.509765625,4034880000,0.0,0.0,^GSPC,NA,NA,NA
2024-02-21T05:00:00.000Z,4963.0297851562,4983.2099609375,4946.0,4981.7998046875,3788390000,0.0,0.0,^GSPC,NA,NA,NA
2024-02-22T05:00:00.000Z,5038.830078125,5094.3901367188,5038.830078125,5087.0297851562,4051710000,0.0,0.0,^GSPC,NA,NA,NA
2024-02-23T05:00:00.000Z,5100.919921875,5111.0600585938,5081.4599609375,5088.7998046875,3672790000,0.0,0.0,^GSPC,NA,NA,NA
2024-02-26T05:00:00.000Z,5093.0,5097.66015625,5068.91015625,5069.5297851562,3683930000,0.0,0.0,^GSPC,NA,NA,NA
2024-02-27T05:00:00.000Z,5074.6000976562,5080.6899414062,5057.2900390625,5078.1801757812,3925950000,0.0,0.0,^GSPC,NA,NA,NA
2024-02-28T05:00:00.000Z,5067.2001953125,5077.3701171875,5058.3500976562,5069.759765625,3789370000,0.0,0.0,^GSPC,NA,NA,NA
2024-02-29T05:00:00.000Z,5085.3598632812,5104.990234375,5061.8901367188,5096.2700195312,5219740000,0.0,0.0,^GSPC,NA,NA,NA
2024-03-01T05:00:00.000Z,5098.509765625,5140.330078125,5094.16015625,5137.080078125,4748110000,0.0,0.0,^GSPC,NA,NA,NA
2024-03-04T05:00:00.000Z,5130.990234375,5149.669921875,5127.1801757812,5130.9501953125,4758440000,0.0,0.0,^GSPC,NA,NA,NA
2024-03-05T05:00:00.000Z,5110.5200195312,5114.5400390625,5056.8198242188,5078.6499023438,4418410000,0.0,0.0,^GSPC,NA,NA,NA
2024-03-06T05:00:00.000Z,5108.0297851562,5127.9702148438,5092.2202148438,5104.759765625,4559050000,0.0,0.0,^GSPC,NA,NA,NA
2024-03-07T05:00:00.000Z,5132.3798828125,5165.6201171875,5128.2099609375,5157.3598632812,4137980000,0.0,0.0,^GSPC,NA,NA,NA
2024-03-08T05:00:00.000Z,5164.4599609375,5189.259765625,5117.5,5123.6899414062,4208870000,0.0,0.0,^GSPC,NA,NA,NA
2024-03-11T04:00:00.000Z,5111.9599609375,5124.66015625,5091.1401367188,5117.9399414062,3896430000,0.0,0.0,^GSPC,NA,NA,NA
2024-03-12T04:00:00.000Z,5134.2998046875,5179.8701171875,5114.4799804688,5175.2700195312,4080510000,0.0,0.0,^GSPC,NA,NA,NA
2024-03-13T04:00:00.000Z,5173.490234375,5179.1401367188,5151.8798828125,5165.3100585938,4282890000,0.0,0.0,^GSPC,NA,NA,NA
2024-03-14T04:00:00.000Z,5175.1401367188,5176.8500976562,5123.2998046875,5150.4799804688,4687970000,0.0,0.0,^GSPC,NA,NA,NA
2024-03-15T04:00:00.000Z,5123.3100585938,5136.8598632812,5104.3500976562,5117.08984375,7753670000,0.0,0.0,^GSPC,NA,NA,NA
2024-03-18T04:00:00.000Z,5154.7700195312,5175.6000976562,5145.4702148438,5149.419921875,4036220000,0.0,0.0,^GSPC,NA,NA,NA
2024-03-19T04:00:00.000Z,5139.08984375,5180.3100585938,5131.58984375,5178.509765625,4031760000,0.0,0.0,^GSPC,NA,NA,NA
2024-03-20T04:00:00.000Z,5181.6899414062,5226.1899414062,5171.5498046875,5224.6201171875,4064850000,0.0,0.0,^GSPC,NA,NA,NA
2024-03-21T04:00:00.000Z,5253.4301757812,5261.1000976562,5240.66015625,5241.5297851562,4207730000,0.0,0.0,^GSPC,NA,NA,NA
2024-03-22T04:00:00.000Z,5242.4799804688,5246.08984375,5229.8701171875,5234.1801757812,3374700000,0.0,0.0,^GSPC,NA,NA,NA
2024-03-25T04:00:00.000Z,5219.5200195312,5229.08984375,5216.08984375,5218.1899414062,3331360000,0.0,0.0,^GSPC,NA,NA,NA
2024-03-26T04:00:00.000Z,5228.8500976562,5235.16015625,5203.419921875,5203.580078125,3871790000,0.0,0.0,^GSPC,NA,NA,NA
2024-03-27T04:00:00.000Z,5226.3100585938,5249.259765625,5213.919921875,5248.490234375,3850500000,0.0,0.0,^GSPC,NA,NA,NA
2024-03-28T04:00:00.000Z,5248.0297851562,5264.8500976562,5245.8198242188,5254.3500976562,3998270000,0.0,0.0,^GSPC,NA,NA,NA
2024-04-01T04:00:00.000Z,5257.9702148438,5263.9501953125,5229.2001953125,5243.7700195312,3325930000,0.0,0.0,^GSPC,NA,NA,NA
2024-04-02T04:00:00.000Z,5204.2900390625,5208.33984375,5184.0498046875,5205.8100585938,3886590000,0.0,0.0,^GSPC,NA,NA,NA
2024-04-03T04:00:00.000Z,5194.3701171875,5228.75,5194.3701171875,5211.490234375,3703250000,0.0,0.0,^GSPC,NA,NA,NA
2024-04-04T04:00:00.000Z,5244.0498046875,5256.58984375,5146.0600585938,5147.2099609375,4075680000,0.0,0.0,^GSPC,NA,NA,NA
2024-04-05T04:00:00.000Z,5158.9501953125,5222.1801757812,5157.2099609375,5204.33984375,3386780000,0.0,0.0,^GSPC,NA,NA,NA
2024-04-08T04:00:00.000Z,5211.3701171875,5219.5698242188,5197.3500976562,5202.3901367188,3278180000,0.0,0.0,^GSPC,NA,NA,NA
2024-04-09T04:00:00.000Z,5217.0297851562,5224.8100585938,5160.7797851562,5209.91015625,3400680000,0.0,0.0,^GSPC,NA,NA,NA
2024-04-10T04:00:00.000Z,5167.8798828125,5178.4301757812,5138.7001953125,5160.6401367188,3845930000,0.0,0.0,^GSPC,NA,NA,NA
2024-04-11T04:00:00.000Z,5172.9501953125,5211.7797851562,5138.7700195312,5199.0600585938,3509380000,0.0,0.0,^GSPC,NA,NA,NA
2024-04-12T04:00:00.000Z,5171.509765625,5175.0297851562,5107.9399414062,5123.41015625,3963220000,0.0,0.0,^GSPC,NA,NA,NA
2024-04-15T04:00:00.000Z,5149.669921875,5168.4301757812,5052.4702148438,5061.8198242188,3950210000,0.0,0.0,^GSPC,NA,NA,NA
2024-04-16T04:00:00.000Z,5064.58984375,5079.83984375,5039.830078125,5051.41015625,4006200000,0.0,0.0,^GSPC,NA,NA,NA
2024-04-17T04:00:00.000Z,5068.9702148438,5077.9599609375,5007.25,5022.2099609375,3596130000,0.0,0.0,^GSPC,NA,NA,NA
2024-04-18T04:00:00.000Z,5031.5200195312,5056.66015625,5001.8901367188,5011.1201171875,3619760000,0.0,0.0,^GSPC,NA,NA,NA
2024-04-19T04:00:00.000Z,5005.4399414062,5019.0200195312,4953.5600585938,4967.2299804688,3878750000,0.0,0.0,^GSPC,NA,NA,NA
2024-04-22T04:00:00.000Z,4987.330078125,5038.83984375,4969.3999023438,5010.6000976562,3820250000,0.0,0.0,^GSPC,NA,NA,NA
2024-04-23T04:00:00.000Z,5028.8500976562,5076.1201171875,5027.9599609375,5070.5498046875,3751400000,0.0,0.0,^GSPC,NA,NA,NA
2024-04-24T04:00:00.000Z,5084.8598632812,5089.4799804688,5047.0200195312,5071.6298828125,3656740000,0.0,0.0,^GSPC,NA,NA,NA
2024-04-25T04:00:00.000Z,5019.8798828125,5057.75,4990.580078125,5048.419921875,3958050000,0.0,0.0,^GSPC,NA,NA,NA
2024-04-26T04:00:00.000Z,5084.6499023438,5114.6201171875,5073.1401367188,5099.9599609375,3604140000,0.0,0.0,^GSPC,NA,NA,NA
2024-04-29T04:00:00.000Z,5114.1298828125,5123.490234375,5088.6499023438,5116.169921875,3447450000,0.0,0.0,^GSPC,NA,NA,NA
2024-04-30T04:00:00.000Z,5103.7797851562,5110.830078125,5035.3100585938,5035.6899414062,4082470000,0.0,0.0,^GSPC,NA,NA,NA
2024-05-01T04:00:00.000Z,5029.0297851562,5096.1201171875,5013.4501953125,5018.3901367188,4544170000,0.0,0.0,^GSPC,NA,NA,NA
2024-05-02T04:00:00.000Z,5049.3198242188,5073.2099609375,5011.0498046875,5064.2001953125,4381660000,0.0,0.0,^GSPC,NA,NA,NA
2024-05-03T04:00:00.000Z,5122.7797851562,5139.1201171875,5101.2202148438,5127.7900390625,3924990000,0.0,0.0,^GSPC,NA,NA,NA
2024-05-06T04:00:00.000Z,5142.419921875,5181.0,5142.419921875,5180.740234375,3683250000,0.0,0.0,^GSPC,NA,NA,NA
2024-05-07T04:00:00.000Z,5187.2001953125,5200.2299804688,5178.9599609375,5187.7001953125,3987890000,0.0,0.0,^GSPC,NA,NA,NA
2024-05-08T04:00:00.000Z,5168.9799804688,5191.9501953125,5165.8598632812,5187.669921875,3842100000,0.0,0.0,^GSPC,NA,NA,NA
2024-05-09T04:00:00.000Z,5189.0297851562,5215.2998046875,5180.41015625,5214.080078125,3727370000,0.0,0.0,^GSPC,NA,NA,NA
2024-05-10T04:00:00.000Z,5225.490234375,5239.66015625,5209.6801757812,5222.6801757812,3617900000,0.0,0.0,^GSPC,NA,NA,NA
2024-05-13T04:00:00.000Z,5233.080078125,5237.259765625,5211.16015625,5221.419921875,4255710000,0.0,0.0,^GSPC,NA,NA,NA
2024-05-14T04:00:00.000Z,5221.1000976562,5250.3701171875,5217.9799804688,5246.6801757812,4763580000,0.0,0.0,^GSPC,NA,NA,NA
2024-05-15T04:00:00.000Z,5263.259765625,5311.759765625,5263.259765625,5308.1499023438,4360810000,0.0,0.0,^GSPC,NA,NA,NA
2024-05-16T04:00:00.000Z,5310.0698242188,5325.490234375,5296.1899414062,5297.1000976562,3817470000,0.0,0.0,^GSPC,NA,NA,NA
2024-05-17T04:00:00.000Z,5303.1000976562,5305.4501953125,5283.58984375,5303.2700195312,3578120000,0.0,0.0,^GSPC,NA,NA,NA
2024-05-20T04:00:00.000Z,5305.3500976562,5325.3198242188,5302.3999023438,5308.1298828125,3420100000,0.0,0.0,^GSPC,NA,NA,NA
2024-05-21T04:00:00.000Z,5298.6899414062,5324.3198242188,5297.8701171875,5321.41015625,3662240000,0.0,0.0,^GSPC,NA,NA,NA
2024-05-22T04:00:00.000Z,5319.2797851562,5323.1801757812,5286.009765625,5307.009765625,3847130000,0.0,0.0,^GSPC,NA,NA,NA
2024-05-23T04:00:00.000Z,5340.259765625,5341.8798828125,5256.9301757812,5267.83984375,3869520000,0.0,0.0,^GSPC,NA,NA,NA
2024-05-24T04:00:00.000Z,5281.4501953125,5311.6499023438,5278.3901367188,5304.7202148438,3005510000,0.0,0.0,^GSPC,NA,NA,NA
2024-05-28T04:00:00.000Z,5315.91015625,5315.91015625,5280.8901367188,5306.0400390625,3751540000,0.0,0.0,^GSPC,NA,NA,NA
2024-05-29T04:00:00.000Z,5278.7299804688,5282.2700195312,5262.7001953125,5266.9501953125,3552750000,0.0,0.0,^GSPC,NA,NA,NA
2024-05-30T04:00:00.000Z,5259.7700195312,5260.2099609375,5222.1000976562,5235.4799804688,3818750000,0.0,0.0,^GSPC,NA,NA,NA
2024-05-31T04:00:00.000Z,5243.2099609375,5280.330078125,5191.6801757812,5277.509765625,5437160000,0.0,0.0,^GSPC,NA,NA,NA
2024-06-03T04:00:00.000Z,5297.1499023438,5302.1098632812,5234.3198242188,5283.3999023438,4046920000,0.0,0.0,^GSPC,NA,NA,NA
2024-06-04T04:00:00.000Z,5278.240234375,5298.7998046875,5257.6298828125,5291.33984375,3707900000,0.0,0.0,^GSPC,NA,NA,NA
2024-06-05T04:00:00.000Z,5314.4799804688,5354.16015625,5297.6401367188,5354.0297851562,3591460000,0.0,0.0,^GSPC,NA,NA,NA
2024-06-06T04:00:00.000Z,5357.7998046875,5362.3500976562,5335.3598632812,5352.9599609375,3609990000,0.0,0.0,^GSPC,NA,NA,NA
2024-06-07T04:00:00.000Z,5343.8100585938,5375.080078125,5331.330078125,5346.990234375,3692760000,0.0,0.0,^GSPC,NA,NA,NA
2024-06-10T04:00:00.000Z,5341.2202148438,5365.7900390625,5331.5200195312,5360.7900390625,3622280000,0.0,0.0,^GSPC,NA,NA,NA
2024-06-11T04:00:00.000Z,5353.0,5375.9501953125,5327.25,5375.3198242188,3568030000,0.0,0.0,^GSPC,NA,NA,NA
2024-06-12T04:00:00.000Z,5409.1298828125,5447.25,5409.1298828125,5421.0297851562,3962840000,0.0,0.0,^GSPC,NA,NA,NA
2024-06-13T04:00:00.000Z,5441.9301757812,5441.9301757812,5402.509765625,5433.740234375,3530380000,0.0,0.0,^GSPC,NA,NA,NA
2024-06-14T04:00:00.000Z,5424.080078125,5432.3901367188,5403.75,5431.6000976562,3438650000,0.0,0.0,^GSPC,NA,NA,NA
2024-06-17T04:00:00.000Z,5431.1098632812,5488.5,5420.3999023438,5473.2299804688,3447840000,0.0,0.0,^GSPC,NA,NA,NA
2024-06-18T04:00:00.000Z,5476.1499023438,5490.3798828125,5471.3198242188,5487.0297851562,3544330000,0.0,0.0,^GSPC,NA,NA,NA
2024-06-20T04:00:00.000Z,5499.990234375,5505.5297851562,5455.5600585938,5473.169921875,3847060000,0.0,0.0,^GSPC,NA,NA,NA
2024-06-21T04:00:00.000Z,5466.7700195312,5478.3100585938,5452.0297851562,5464.6201171875,6773800000,0.0,0.0,^GSPC,NA,NA,NA
2024-06-24T04:00:00.000Z,5459.580078125,5490.66015625,5447.58984375,5447.8701171875,3696750000,0.0,0.0,^GSPC,NA,NA,NA
2024-06-25T04:00:00.000Z,5460.7299804688,5472.8798828125,5446.5600585938,5469.2998046875,3591960000,0.0,0.0,^GSPC,NA,NA,NA
2024-06-26T04:00:00.000Z,5460.7099609375,5483.1401367188,5451.8701171875,5477.8999023438,3563920000,0.0,0.0,^GSPC,NA,NA,NA
2024-06-27T04:00:00.000Z,5473.58984375,5490.8100585938,5467.5400390625,5482.8701171875,3589530000,0.0,0.0,^GSPC,NA,NA,NA
2024-06-28T04:00:00.000Z,5488.4799804688,5523.6401367188,5451.1201171875,5460.4799804688,7199220000,0.0,0.0,^GSPC,NA,NA,NA
2024-07-01T04:00:00.000Z,5471.080078125,5479.5498046875,5446.5297851562,5475.08984375,3488760000,0.0,0.0,^GSPC,NA,NA,NA
2024-07-02T04:00:00.000Z,5461.83984375,5509.6899414062,5458.4301757812,5509.009765625,3329950000,0.0,0.0,^GSPC,NA,NA,NA
2024-07-03T04:00:00.000Z,5507.4399414062,5539.2700195312,5507.419921875,5537.0200195312,2179470000,0.0,0.0,^GSPC,NA,NA,NA
2024-07-05T04:00:00.000Z,5537.91015625,5570.330078125,5531.6298828125,5567.1899414062,3253080000,0.0,0.0,^GSPC,NA,NA,NA
2024-07-08T04:00:00.000Z,5572.75,5583.1098632812,5562.509765625,5572.8500976562,3185670000,0.0,0.0,^GSPC,NA,NA,NA
